{"validation_overall_score":-3.646287441253662,"training_mle_score_mean_epoch":-1.5811620950698853,"trainer/global_step":1,"training_mle_loss_epoch":10.999100685119629,"epoch":0,"validation_mle_loss":13.352033615112305,"_step":2,"_wandb":{"runtime":452},"_timestamp":1.7326824244448955e+09,"_runtime":411.927264049}