{"_runtime":12.240901276,"_wandb":{"runtime":13},"trainer/global_step":6,"mle_val_loss_epoch":1.6465258598327637,"epoch":6,"mle_train_loss_epoch":10.621766090393066,"_step":19,"_timestamp":1.730259403634767e+09,"mle_val_loss_step":1.6465258598327637}