{"trainer/global_step":1,"_runtime":11.784946951,"mle_train_loss_epoch":13.696160316467285,"epoch":1,"_wandb":{"runtime":13},"_timestamp":1.7302497817496312e+09,"mle_val_loss":1.5670653581619263,"avg_mle_val_loss":1.5670653581619263,"_step":2}