{"_wandb":{"runtime":12},"epoch":6,"_runtime":10.738517529,"trainer/global_step":6,"_timestamp":1.7302589527315629e+09,"mle_val_loss_epoch":1.8640145063400269,"mle_train_loss_epoch":10.66474723815918,"_step":19,"mle_val_loss_step":1.8640145063400269}