{"validation_overall_score":-3.6032204627990723,"trainer/global_step":1,"training_mle_loss_epoch":12.047460556030273,"validation_mle_loss":13.665159225463867,"_wandb":{"runtime":214},"_runtime":194.7579092,"epoch":0,"training_mle_score_mean_epoch":-3.037100315093994,"_step":2,"_timestamp":1.7326844044557474e+09}