{"_runtime":10.495377329,"_step":1,"mle_val_loss_step":8.247002601623535,"trainer/global_step":0,"_timestamp":1.7302610899312634e+09,"mle_val_loss_epoch":8.247002601623535,"epoch":0,"_wandb":{"runtime":11}}