{"validation_mle_loss":1.5712487697601318,"_timestamp":1.7302671427517202e+09,"_wandb":{"runtime":312},"mle_loss_epoch":12.997286796569824,"validation_policy_gradient_loss":-1.7687056064605713,"trainer/global_step":1,"policy_gradient_reward_mean_epoch":-0.42222222685813904,"validation_policy_gradient_reward_mean":-0.2931034564971924,"_step":7,"epoch":1,"policy_gradient_loss_epoch":-3.579378604888916,"_runtime":310.272575029}