{"_runtime":10.633125513,"_wandb":{"runtime":12},"mle_val_loss_step":1.4431675672531128,"trainer/global_step":6,"_timestamp":1.7302595669949896e+09,"mle_val_loss_epoch":1.4431675672531128,"_step":19,"epoch":6,"mle_train_loss_epoch":11.03458023071289}