{"_runtime":9.00483426,"_timestamp":1.7302504393570104e+09,"epoch":1,"_step":2,"mle_val_loss":1.5667909383773804,"mle_train_loss_epoch":13.453011512756348,"trainer/global_step":1,"avg_mle_val_loss":1.5667909383773804,"_wandb":{"runtime":10}}