{"mle_val_loss_epoch":8.229594230651855,"epoch":0,"_wandb":{"runtime":6},"mle_val_loss_step":8.229594230651855,"trainer/global_step":0,"_timestamp":1.730262449896103e+09,"_runtime":5.90107992,"_step":1}