{"_timestamp":1.7302622216817288e+09,"_runtime":6.391460242,"_step":1,"mle_val_loss_step":8.212069511413574,"mle_val_loss_epoch":8.212069511413574,"epoch":0,"_wandb":{"runtime":7},"trainer/global_step":0}