{"epoch":1,"mle_train_loss_epoch":13.276505470275879,"_wandb":{"runtime":10},"mle_val_loss":1.589486002922058,"_timestamp":1.7302507024572437e+09,"trainer/global_step":1,"avg_mle_val_loss":1.589486002922058,"_step":2,"_runtime":8.760070142}