{"validation_policy_gradient_loss":-1.835687279701233,"policy_gradient_reward_mean_epoch":-0.4305555820465088,"epoch":3,"trainer/global_step":3,"_wandb":{"runtime":818},"_timestamp":1.7302645290395179e+09,"policy_gradient_loss_epoch":-4.008292198181152,"_step":25,"validation_mle_loss":1.4147498607635498,"_runtime":816.419498462,"mle_loss_epoch":11.470968246459961,"validation_policy_gradient_reward_mean":-0.2931034564971924}