{"epoch":1,"_timestamp":1.730252348659004e+09,"avg_mle_val_loss":1.6474727392196655,"mle_val_loss":1.6474727392196655,"trainer/global_step":1,"_runtime":237.809379251,"mle_train_loss_epoch":12.558658599853516,"_wandb":{"runtime":239},"_step":2}